url,title,timestamp
https://www.dlsu.edu.ph,De La Salle University,1764655865.905636
https://www.dlsu.edu.ph/inside/vision-mission,Vision-Mission - De La Salle University,1764655866.9941812
https://www.dlsu.edu.ph/inside,Quick Facts and Figures - De La Salle University,1764655867.0238721
https://www.dlsu.edu.ph/about-dlsu,About - De La Salle University,1764655867.0304236
https://www.dlsu.edu.ph/history-and-traditions,History and Traditions - De La Salle University,1764655867.7723196
https://www.dlsu.edu.ph/about-dlsu/ourcorevalues,Our Core Values and Principles - De La Salle University,1764655867.7847898
https://www.dlsu.edu.ph/guiding-principles,Guiding Principles of the Philippine Lasallian Family - De La Salle University,1764655867.9885051
https://www.dlsu.edu.ph/code-of-ethics,Code of Ethics - De La Salle University,1764655868.0296526
https://www.dlsu.edu.ph/offices/president,President - De La Salle University,1764655868.3028119
https://www.dlsu.edu.ph/smqa,Office of Strategic Management and Quality Assurance - De La Salle University,1764655868.3094792
https://www.dlsu.edu.ph/lasallianmission,Lasallian Mission at DLSU - De La Salle University,1764655868.4725769
https://www.dlsu.edu.ph/university-fellows,University Fellows - De La Salle University,1764655868.7107954
https://www.dlsu.edu.ph/staff-directory,Staff Directory - De La Salle University,1764655868.9231753
https://www.dlsu.edu.ph/brothers,The De La Salle Brothers - De La Salle University,1764655868.9323492
https://www.dlsu.edu.ph/university-governance,University Governance - De La Salle University,1764655868.9667392
https://www.dlsu.edu.ph/administration,Administration - De La Salle University,1764655868.9773505
https://www.dlsu.edu.ph/emeriti,List of Emeriti - De La Salle University,1764655868.981759
https://www.dlsu.edu.ph/jobs,Jobs - De La Salle University,1764655869.1960502
https://www.dlsu.edu.ph/inside/board-advisors,The University Board of Advisors - De La Salle University,1764655869.238487
https://www.dlsu.edu.ph/offices/president/aaro,Advancement and Alumni Relations - De La Salle University,1764655869.4444964
https://www.dlsu.edu.ph/admissions/graduate,Graduate Admissions - De La Salle University,1764655869.7216244
https://www.dlsu.edu.ph/admissions/undergraduate,Undergraduate Admissions - De La Salle University,1764655869.7285922
https://www.dlsu.edu.ph/admissions,DLSU Admissions - De La Salle University,1764655869.8276188
https://www.dlsu.edu.ph/admissions/scholarships,Scholarships - De La Salle University,1764655869.8946784
https://www.dlsu.edu.ph/offices,Offices - De La Salle University,1764655869.9036148
https://www.dlsu.edu.ph/colleges/bagced,Br. Andrew Gonzalez FSC College of Education - De La Salle University,1764655869.9088445
https://www.dlsu.edu.ph/colleges,Colleges - De La Salle University,1764655870.2171042
https://www.dlsu.edu.ph/colleges/bagced/academic-departments/counseling-educational-psychology,Counseling and Educational Psychology - De La Salle University,1764655870.22479
https://www.dlsu.edu.ph/integrated-school,Integrated-School - De La Salle University,1764655870.2484462
https://www.dlsu.edu.ph/colleges/bagced/academic-departments/educational-leadership-management,Educational Leadership and Management - De La Salle University,1764655870.3396182
https://www.dlsu.edu.ph/colleges/bagced/academic-departments/english-applied-linguistics,English and Applied Linguistics - De La Salle University,1764655870.6928248
https://www.dlsu.edu.ph/colleges/bagced/academic-departments/science-education,Science Education - De La Salle University,1764655870.7170818
https://www.dlsu.edu.ph/colleges/ccs,College of Computer Studies - De La Salle University,1764655870.731474
https://www.dlsu.edu.ph/colleges/bagced/academic-departments/physical-education,Physical Education - De La Salle University,1764655870.7987812
https://www.dlsu.edu.ph/colleges/cla,College of Liberal Arts - De La Salle University,1764655871.205333
https://www.dlsu.edu.ph/colleges/ccs/academic-departments/computer-technology,Computer Technology - De La Salle University,1764655871.2132807
https://www.dlsu.edu.ph/colleges/ccs/academic-departments/software-technology,Software Technology - De La Salle University,1764655871.275586
https://www.dlsu.edu.ph/integratedschool-test/senior-high-school,Senior High School - De La Salle University,1764655871.3169258
https://www.dlsu.edu.ph/colleges/cla/academic-departments/communication,Department of Communication - De La Salle University,1764655871.4244442
https://www.dlsu.edu.ph/tdsol,School of Law - De La Salle University,1764655871.4720552
https://www.dlsu.edu.ph/colleges/cla/academic-departments/filipino,Filipino - De La Salle University,1764655871.6330934
https://www.dlsu.edu.ph/colleges/ccs/academic-departments/information-technology,Information Technology - De La Salle University,1764655871.676474
https://www.dlsu.edu.ph/colleges/cla/academic-departments/behavioral-sciences,Department of Sociology and Behavioral Sciences - De La Salle University,1764655871.6816328
https://www.dlsu.edu.ph/colleges/cla/academic-departments/international-studies,International Studies - De La Salle University,1764655871.7716434
https://www.dlsu.edu.ph/colleges/cla/academic-departments/history,History - De La Salle University,1764655872.0912914
https://www.dlsu.edu.ph/colleges/cla/academic-departments/literature,Literature - De La Salle University,1764655872.1713836
https://www.dlsu.edu.ph/colleges/cla/academic-departments/philosophy,Philosophy - De La Salle University,1764655872.3405583
https://www.dlsu.edu.ph/colleges/cla/academic-departments/psychology,Psychology - De La Salle University,1764655872.3745713
https://www.dlsu.edu.ph/colleges/cla/academic-departments/political-science,Political Science - De La Salle University,1764655872.5134096
https://www.dlsu.edu.ph/colleges/cla/academic-departments/theology-religious-education,Theology and Religious Education - Overview - De La Salle University,1764655872.6331751
https://www.dlsu.edu.ph/colleges/cos/departments/mathematics,Mathematics and Statistics - De La Salle University,1764655872.6529639
https://www.dlsu.edu.ph/colleges/cos/departments/chemistry,Chemistry - De La Salle University,1764655872.6556647
https://www.dlsu.edu.ph/colleges/cos,College of Science - De La Salle University,1764655872.6614223
https://www.dlsu.edu.ph/colleges/cos/departments/biology,Biology - De La Salle University,1764655872.8301654
https://www.dlsu.edu.ph/colleges/cos/departments/physics,Department of Physics - De La Salle University,1764655872.9558382
https://www.dlsu.edu.ph/colleges/gcoe,Gokongwei College of Engineering - De La Salle University,1764655872.9780035
https://www.dlsu.edu.ph/colleges/gcoe/academic-departments/industrial-engineering,Industrial and Systems Engineering - De La Salle University,1764655873.3656447
https://www.dlsu.edu.ph/colleges/gcoe/academic-departments/chemical-engineering,Chemical Engineering - De La Salle University,1764655873.416976
https://www.dlsu.edu.ph/colleges/rvrcob/academic-departments/accountancy,Department of Accountancy - De La Salle University,1764655873.5548418
https://www.dlsu.edu.ph/colleges/gcoe/academic-departments/manufacturing-engineering-management,"Department of Biomedical, Manufacturing, and Robotics Engineering - De La Salle University",1764655873.6149275
https://www.dlsu.edu.ph/colleges/gcoe/academic-departments/mechanical-engineering,Mechanical Engineering - De La Salle University,1764655873.6464536
https://www.dlsu.edu.ph/colleges/gcoe/academic-departments/civil-engineering,Civil Engineering - De La Salle University,1764655873.6624775
https://www.dlsu.edu.ph/colleges/rvrcob,Ramon V. del Rosario College of Business - De La Salle University,1764655873.6685495
https://www.dlsu.edu.ph/colleges/rvrcob/academic-departments/dsi,Department of Decision Sciences and Innovation - De La Salle University,1764655873.8188689
https://www.dlsu.edu.ph/colleges/rvrcob/academic-departments/commercial-law,Department of Commercial Law - De La Salle University,1764655873.8287024
https://www.dlsu.edu.ph/colleges/rvrcob/academic-departments/management-financial-institutions,Department of Financial Management - De La Salle University,1764655874.240997
https://www.dlsu.edu.ph/colleges/rvrcob/academic-departments/management-organization-department,Department of Management and Organization - De La Salle University,1764655874.262576
https://www.dlsu.edu.ph/laguna-campus,laguna-campus - De La Salle University,1764655874.286241
https://www.dlsu.edu.ph/colleges/rvrcob/academic-departments/marketing-management,Department of Marketing and Advertising - De La Salle University,1764655874.4061527
https://www.dlsu.edu.ph/campuses/manila,Manila Campus - De La Salle University,1764655874.4153585
https://www.dlsu.edu.ph/wp-content/uploads/pdf/osa/student-handbook.pdf,[FILE] student-handbook.pdf,1764655874.5026138
https://www.dlsu.edu.ph/colleges/soe,School of Economics - De La Salle University,1764655874.5251148
https://www.dlsu.edu.ph/offices/osa/_pdf/amendments-on-sh-1518.pdf,[FILE] amendments-on-sh-1518.pdf,1764655874.6443057
https://www.dlsu.edu.ph/wp-content/uploads/pdf/viewbook/graduate/bag-ced-graduate-viewbook.pdf,[FILE] bag-ced-graduate-viewbook.pdf,1764655874.6857445
http://www.dlsu.edu.ph/wp-content/uploads/pdf/laguna-campus/dlsu-laguna-campus-viewbook.pdf,[FILE] dlsu-laguna-campus-viewbook.pdf,1764655874.6890612
https://www.dlsu.edu.ph/campuses/makati,Makati (RCBC) Campus - De La Salle University,1764655874.7922237
https://www.dlsu.edu.ph/campuses,Campuses - De La Salle University,1764655874.8010776
https://www.dlsu.edu.ph/wp-content/uploads/pdf/viewbook/graduate/ccs-graduate-viewbook.pdf,[FILE] ccs-graduate-viewbook.pdf,1764655874.9241872
https://www.dlsu.edu.ph/i-viewbook,Welcome to DLSU!,1764655874.9264553
https://www.dlsu.edu.ph/wp-content/uploads/pdf/viewbook/graduate/cos-graduate-viewbook.pdf,[FILE] cos-graduate-viewbook.pdf,1764655875.0071495
https://www.dlsu.edu.ph/wp-content/uploads/pdf/viewbook/graduate/cla-graduate-viewbook.pdf,[FILE] cla-graduate-viewbook.pdf,1764655875.0525498
https://www.dlsu.edu.ph/wp-content/uploads/pdf/viewbook/graduate/rvr-cob-graduate-viewbook.pdf,[FILE] rvr-cob-graduate-viewbook.pdf,1764655875.1461365
https://www.dlsu.edu.ph/wp-content/uploads/pdf/viewbook/graduate/gcoe-graduate-viewbook.pdf,[FILE] gcoe-graduate-viewbook.pdf,1764655875.1575701
https://www.dlsu.edu.ph/campuses/rufino,Rufino (BGC) Campus - De La Salle University,1764655875.1785014
https://www.dlsu.edu.ph/admissions/graduate/degree-programs,Graduate Degree Programs - De La Salle University,1764655875.1899369
https://www.dlsu.edu.ph/wp-content/uploads/pdf/integratedschool/dlsu-is-student-handbook.pdf,[FILE] dlsu-is-student-handbook.pdf,1764655875.1940084
https://www.dlsu.edu.ph/admissions/undergraduate/degree-programs,Degree Programs - De La Salle University,1764655875.3348744
https://www.dlsu.edu.ph/soll,School of Lifelong Learning (SoLL) - De La Salle University,1764655875.7530277
https://www.dlsu.edu.ph/admissions/graduate/graduate-viewbooks,Graduate Viewbooks - De La Salle University,1764655875.8782861
http://enroll.dlsu.edu.ph/dlsu/dts,My.LaSalle University Portal - View Document Tracking,1764655875.954822
https://www.dlsu.edu.ph/offices/registrar/academic-calendar,Academic Calendar - De La Salle University,1764655876.1037602
https://www.dlsu.edu.ph/faculty,Faculty - De La Salle University,1764655876.108402
https://www.dlsu.edu.ph/offices/hub,Enrollment Services Hub - De La Salle University,1764655876.116386
https://www.dlsu.edu.ph/shs-research-congress/%20,4th DLSU SHS RESEARCH CONGRESS - De La Salle University,1764655876.3461215
https://www.dlsu.edu.ph/offices/hub/cav-ched-requests,CAV CHED requests - De La Salle University,1764655876.774737
https://www.dlsu.edu.ph/offices/registrar/document_request,Request for Documents - De La Salle University,1764655876.7992806
https://www.dlsu.edu.ph/offices/registrar,Registrar - De La Salle University,1764655876.8131418
https://www.dlsu.edu.ph/research/research-centers/adric,"Advanced Research Institute for Informatics, Computing, and Networking (AdRIC) - De La Salle University",1764655877.0350173
https://www.dlsu.edu.ph/research/abstracts,Research Abstracts - De La Salle University,1764655877.0846615
https://www.dlsu.edu.ph/conferences,Conferences - De La Salle University,1764655877.0956411
https://www.dlsu.edu.ph/research,Research - De La Salle University,1764655877.1152048
https://www.dlsu.edu.ph/research/research-centers/bnscwc,Bienvenido N. Santos Creative Writing Center - De La Salle University,1764655877.2289808
https://www.dlsu.edu.ph/research/research-centers/shore,SHORE - De La Salle University,1764655877.3932998
https://www.dlsu.edu.ph/research/research-centers,Research Centers - De La Salle University,1764655877.4018476
https://www.dlsu.edu.ph/research/research-centers/cesdr,Center for Engineering and Sustainable Development Research - De La Salle University,1764655877.961212
https://www.dlsu.edu.ph/research/research-centers/yuchengco-center,Yuchengco Center - De La Salle University,1764655878.0735605
https://www.dlsu.edu.ph/research/research-centers/cbrd,CENTER FOR BUSINESS RESEARCH AND DEVELOPMENT - De La Salle University,1764655878.133261
https://www.dlsu.edu.ph/research/research-centers/censer,College of Science Center for Natural Sciences and Environmental Research - De La Salle University,1764655878.2114618
https://www.dlsu.edu.ph/research/research-centers/tala,TALa - De La Salle University,1764655878.2156942
https://www.dlsu.edu.ph/research/research-centers/ibeht,Evelyn D. Ang - Institute of Biomedical Engineering and Health Technologies (EDA-IBEHT) - De La Salle University,1764655878.217771
https://www.dlsu.edu.ph/research/research-centers/sdrc,Social Development Reseach Center - De La Salle University,1764655878.24759
https://www.dlsu.edu.ph/research/research-centers/southeast-asia-research-center-and-hub,Southeast Asia Research Center and Hub - De La Salle University,1764655878.2643955
https://www.dlsu.edu.ph/research/offices/urco,RESEARCH AND GRANTS MANAGEMENT OFFICE - De La Salle University,1764655878.2734823
https://www.dlsu.edu.ph/research/research-centers/lider,Lasallian Institute for Development and Educational Research - De La Salle University,1764655878.3261535
https://www.dlsu.edu.ph/research/offices/reo,Research Ethics Office - De La Salle University,1764655878.8407378
https://www.dlsu.edu.ph/research/research-manual,Research Manuals - De La Salle University,1764655878.9741054
https://www.dlsu.edu.ph/research/publishing-house,De La Salle University Publishing House - De La Salle University,1764655879.0488555
https://www.dlsu.edu.ph/research-1/centers/shore/coenomap,SHORE,1764655879.1763837
https://www.dlsu.edu.ph/research/offices/dipo,DIPO - Home - De La Salle University,1764655879.2936137
https://www.dlsu.edu.ph/research/offices/dito,DLSU Innovation and Technology Office (DITO) - De La Salle University,1764655879.4457452
https://www.dlsu.edu.ph/students,Students - De La Salle University,1764655879.7159274
https://www.dlsu.edu.ph/research/publications,Research Publications - De La Salle University,1764655879.7403026
https://www.dlsu.edu.ph/students/services,Student Services - De La Salle University,1764655879.8120492
https://www.dlsu.edu.ph/students/cso,Council of Student Organizations - De La Salle University,1764655879.9317122
https://www.dlsu.edu.ph/offices/osa,Office of Student Affairs - De La Salle University,1764655879.9382358
https://www.dlsu.edu.ph/wp-content/uploads/2018/08/international-guidebook.pdf,[FILE] international-guidebook.pdf,1764655880.0447586
https://www.dlsu.edu.ph/library,The Libraries - De La Salle University-Manila,1764655880.1487508
https://www.dlsu.edu.ph/campus-map,Campus Map - De La Salle University,1764655880.3165007
https://www.dlsu.edu.ph/wp-content/uploads/2022/06/the-concierge.pdf,[FILE] the-concierge.pdf,1764655880.5477521
https://www.dlsu.edu.ph/research/journals,Journals - De La Salle University,1764655880.556297
https://www.dlsu.edu.ph/students/international,International Students - De La Salle University,1764655880.6897006
https://www.dlsu.edu.ph/offices/ovperi,OVPERI - De La Salle University,1764655880.7450204
https://www.dlsu.edu.ph/wp-content/uploads/pdf/stratcom/questions-magazine/questions-2025.pdf,[FILE] questions-2025.pdf,1764655880.8324392
https://applyarchershub.dlsu.edu.ph/ApplicationLandingPage/index/DLSU,Index,1764655881.0098267
https://www.dlsu.edu.ph/offices/ovperi/international-short-courses,International Short Courses - De La Salle University,1764655881.0753634
https://www.dlsu.edu.ph/offices/ovperi/sep,Student Exchange Program - De La Salle University,1764655881.0988047
https://www.dlsu.edu.ph/admissions/scholarships/grants/st-mutien-marie-scholarship-grant-graduate,St. Mutien Marie Scholarship Grant (Graduate) - De La Salle University,1764655881.4080012
https://theconcierge.dlsu.edu.ph,Support : The CONCiERGE,1764655881.5740213
https://www.dlsu.edu.ph/dlsu-offers-groundbreaking-philosophy-and-ai-program,DLSU offers groundbreaking Philosophy and AI program - De La Salle University,1764655881.643009
https://www.dlsu.edu.ph/whats-a-more-sustainable-way-to-combat-cacao-pests,What’s a more sustainable way to combat cacao pests? - De La Salle University,1764655881.7796407
https://www.dlsu.edu.ph/dlsu-is-phls-healthiest-university-for-third-straight-year,DLSU is PHL’s healthiest university for third straight year - De La Salle University,1764655881.836466
https://www.dlsu.edu.ph/dlsu-improves-standing-in-global-sustainability-rankings,DLSU improves standing in global sustainability rankings - De La Salle University,1764655881.9904284
https://www.dlsu.edu.ph/dlsu-profs-given-highest-recognition-by-intl-ergonomics-body,DLSU profs given highest recognition by int’l ergonomics body - De La Salle University,1764655882.0010967
https://www.dlsu.edu.ph/history-professor-receives-papal-award,History professor receives Papal Award - De La Salle University,1764655882.075134
https://www.dlsu.edu.ph/la-salle-cebu-pacific-ink-moa-on-design-engineering-program,"La Salle, Cebu Pacific ink MOA on Design Engineering Program - De La Salle University",1764655882.34852
https://www.dlsu.edu.ph/abet-reaccredits-seven-engineering-programs,ABET reaccredits seven Engineering programs - De La Salle University,1764655882.4875484
https://www.dlsu.edu.ph/scholarships,Scholarships - De La Salle University,1764655882.5070357
https://www.dlsu.edu.ph/dlsu-city-of-manila-strengthen-partnership-on-localizing-un-sdgs,"DLSU, City of Manila strengthen partnership on localizing UN SDGs - De La Salle University",1764655882.5674086
https://www.dlsu.edu.ph/lasallians-receive-recognition-at-the-international-conference-in-engineering-education-2025,Lasallians receive recognition at the International Conference in Engineering Education 2025 - De La Salle University,1764655882.654354
https://www.dlsu.edu.ph/gcoe-students-sweep-awards-at-the-86th-piche-student-congress,GCOE students sweep awards at the 86th PIChE Student Congress - De La Salle University,1764655882.6747453
https://www.dlsu.edu.ph/give,Give - De La Salle University,1764655882.8056483
https://www.dlsu.edu.ph/dlsu-inaugurates-kist-park-at-laguna-campus,DLSU inaugurates KIST Park at Laguna Campus - De La Salle University,1764655882.8403687
https://www.dlsu.edu.ph/dlsu-prof-first-filipino-to-receive-yale-emerging-climate-leaders-fellowship,"DLSU prof, first Filipino to receive Yale Emerging Climate Leaders Fellowship - De La Salle University",1764655882.9784784
https://www.dlsu.edu.ph/109990-2,"No Crowns Given, Only Taken: Lady Spikers Reload for UAAP Season 87 - De La Salle University",1764655883.239428
https://www.dlsu.edu.ph/three-for-glory-green-archers-secure-historic-3x3-three-peat,Three for Glory: Green Archers secure historic 3x3 three-peat - De La Salle University,1764655883.2810042
https://www.dlsu.edu.ph/dlsu-woodpushers-reap-double-bronze-glory-in-s87-blitz-chess-tournament,DLSU Woodpushers reap double bronze glory in S87 Blitz Chess Tournament - De La Salle University,1764655883.3441556
https://www.dlsu.edu.ph/the-dynasty-begins-green-aces-etch-legacy-with-back-to-back-championship-in-s87,The Dynasty Begins: Green Aces etch legacy with back-to-back championship in S87 - De La Salle University,1764655883.390461
https://www.dlsu.edu.ph/back-to-reign-green-archers-take-their-stand-in-season-88,Back to Reign: Green Archers Take Their Stand in Season 88 - De La Salle University,1764655883.4570427
https://www.dlsu.edu.ph/mentality-in-the-court-green-spikers-seek-redemption-in-season-87,Mentality In The Court: Green Spikers Seek Redemption in Season 87 - De La Salle University,1764655883.4796605
https://www.dlsu.edu.ph/green-jins-end-11-year-championship-drought-with-5-0-league-sweep,Green Jins end 11-year championship drought with 5–0 league sweep - De La Salle University,1764655883.6190205
https://www.dlsu.edu.ph/wp-content/uploads/pdf/stratcom/2401/2024/2401V55N11.pdf,[FILE] 2401V55N11.pdf,1764655883.6253781
https://www.dlsu.edu.ph/wp-content/uploads/pdf/stratcom/2401/2024/2401V55N12.pdf,[FILE] 2401V55N12.pdf,1764655883.8103037
https://www.dlsu.edu.ph/wp-content/uploads/pdf/stratcom/2401/2024/2401V55N09.pdf,[FILE] 2401V55N09.pdf,1764655883.8590739
https://www.dlsu.edu.ph/wp-content/uploads/pdf/stratcom/2401/2024/2401V55N08.pdf,[FILE] 2401V55N08.pdf,1764655883.8919573
https://www.dlsu.edu.ph/wp-content/uploads/pdf/stratcom/2401/2023/2401V55N13.pdf,[FILE] 2401V55N13.pdf,1764655883.8939757
https://www.dlsu.edu.ph/dlsu-woodpushers-cap-off-impressive-s87-run-with-new-milestones,DLSU Woodpushers cap off impressive S87 run with new milestones - De La Salle University,1764655883.950916
https://www.dlsu.edu.ph/lady-jins-secure-podium-finish-to-end-uaap-season-87-campaign,Lady Jins secure podium finish to end UAAP Season 87 campaign - De La Salle University,1764655883.9682584
https://www.dlsu.edu.ph/hungry-for-more-green-booters-go-all-in-as-they-enter-season-87,Hungry for More: Green Booters Go All In as They Enter Season 87 - De La Salle University,1764655883.9760568
https://www.dlsu.edu.ph/wp-content/uploads/pdf/stratcom/2401/2023/2401V55N06.pdf,[FILE] 2401V55N06.pdf,1764655883.989935
https://www.dlsu.edu.ph/green-archers-clinch-finals-ticket-with-gritty-victory-over-nccu,Green Archers clinch Finals ticket with gritty victory over NCCU - De La Salle University,1764655884.023339
https://www.dlsu.edu.ph/wp-content/uploads/pdf/stratcom/2401/2023/2401V55N10.pdf,[FILE] 2401V55N10.pdf,1764655884.0869346
https://www.dlsu.edu.ph/wp-content/uploads/pdf/stratcom/2401/2024/2401V55N07.pdf,[FILE] 2401V55N07.pdf,1764655884.1299033
https://www.dlsu.edu.ph/wp-content/uploads/pdf/stratcom/2401/2023/2401V55N05.pdf,[FILE] 2401V55N05.pdf,1764655884.1705008
https://www.dlsu.edu.ph/wp-content/uploads/pdf/stratcom/2401/2023/2401V55N03.pdf,[FILE] 2401V55N03.pdf,1764655884.2255523
https://www.dlsu.edu.ph/viridis-arcus-clinch-uaap-valorant-gold-for-dlsu,Viridis Arcus clinch UAAP Valorant gold for DLSU - De La Salle University,1764655884.2907689
https://www.dlsu.edu.ph/wp-content/uploads/pdf/stratcom/2401/2023/2401V55N01.pdf,[FILE] 2401V55N01.pdf,1764655884.2997394
https://www.dlsu.edu.ph/wp-content/uploads/pdf/stratcom/2401/2023/2401V55N04.pdf,[FILE] 2401V55N04.pdf,1764655884.3120046
https://www.dlsu.edu.ph/wp-content/uploads/pdf/stratcom/2401/2023/2401V55N02.pdf,[FILE] 2401V55N02.pdf,1764655884.363945
https://www.dlsu.edu.ph/Privacy,Privacy - De La Salle University,1764655885.180708
https://my.dlsu.edu.ph,My DLSU Login,1764655885.2136452
https://www.dlsu.edu.ph/terms,Terms - De La Salle University,1764655885.217905
https://www.dlsu.edu.ph/offices/registrar/cost-of-studies/request-for-documents,Request for Documents - De La Salle University,1764655885.2422144
https://www.dlsu.edu.ph/contact-us-2,Contact Information - De La Salle University,1764655885.4461806
https://www.dlsu.edu.ph/safe-space-act-ra11313,Safe Space Act RA11313 - De La Salle University,1764655885.6627395
https://www.dlsu.edu.ph/newsletter,Newsletter - De La Salle University,1764655885.7005937
https://www.dlsu.edu.ph/accessibility,Accessibility - De La Salle University,1764655885.8832781
https://www.dlsu.edu.ph/southgate,Log In ‹ De La Salle University — WordPress,1764655885.9655828
https://www.dlsu.edu.ph/privacy,Privacy - De La Salle University,1764655886.1583424
https://www.dlsu.edu.ph/inside/campus-map,Campus Map - De La Salle University,1764655886.3887744
https://www.dlsu.edu.ph/bituin/hr,HR - De La Salle University,1764655886.5092165
https://www.dlsu.edu.ph/inside/history-and-traditions,History and Traditions - De La Salle University,1764655886.5745194
https://www.dlsu.edu.ph/inside/alma_mater,Alma Mater Hymn - De La Salle University,1764655886.6637537
https://animospace.dlsu.edu.ph,Sign in - Google Accounts,1764655886.891525
https://www.dlsu.edu.ph/inside/university-governance,University Governance - De La Salle University,1764655886.894863
https://www.dlsu.edu.ph/inside/lasalliana,Lasalliana - De La Salle University,1764655887.3409305
https://www.dlsu.edu.ph/inside/organizations,Membership in Organizations - De La Salle University,1764655887.3847723
https://www.dlsu.edu.ph/inside/guiding-principles,Guiding Principles of the Philippine Lasallian Family - De La Salle University,1764655887.4006672
https://www.dlsu.edu.ph/inside/lasalliana/greenwhite,Why Green and White? - De La Salle University,1764655887.4138634
https://www.dlsu.edu.ph/inside/contact-information,Contact Information - De La Salle University,1764655887.5035813
https://www.dlsu.edu.ph/inside/lasalliana/the-university-identity,The University Identity - De La Salle University,1764655887.6074302
https://www.dlsu.edu.ph/inside/lasalliana/stjohn,St. John Baptist De La Salle - De La Salle University,1764655887.6164763
https://www.dlsu.edu.ph/inside/lasalliana/style-guide,Style Guide - De La Salle University,1764655888.0718455
https://www.dlsu.edu.ph/offices/ovplm/cosca/what-we-do,WHAT WE DO - De La Salle University,1764655888.2766092
https://www.dlsu.edu.ph/research/offices,Research Offices - De La Salle University,1764655888.3691914
https://www.dlsu.edu.ph/inside/lasalliana/standards-visual-identity,Institutional Identification Manual 2025 - De La Salle University,1764655888.6509988
https://www.dlsu.edu.ph/ovplm,Lasallian Mission at DLSU - De La Salle University,1764655888.958289
https://www.dlsu.edu.ph/faculty/visiting-faculty-scholars,Visiting Faculty / Visiting Scholars - De La Salle University,1764655889.0438855
https://www.dlsu.edu.ph/linkages,Linkages - De La Salle University,1764655889.0714357
https://www.dlsu.edu.ph/category/institutional,Institutional Archives - De La Salle University,1764655889.4284356
https://www.dlsu.edu.ph/students/international/experience-dlsu,Experience DLSU - De La Salle University,1764655889.7250657
https://www.dlsu.edu.ph/offices/erio,ERIO - De La Salle University,1764655889.7703114
https://www.dlsu.edu.ph/brothers/foundation-principles-lasallian-formation,Foundation Principles of Lasallian Formation - De La Salle University,1764655889.9922085
https://www.dlsu.edu.ph/brothers/vocation-animation-resources,Vocation Animation Resources - De La Salle University,1764655890.1844509
https://www.dlsu.edu.ph/wp-content/uploads/2018/08/guiding-principles-2nd-edition.pdf,[FILE] guiding-principles-2nd-edition.pdf,1764655890.2036705
https://www.dlsu.edu.ph/brothers/lasallian-volunteer-program,Lasallian Volunteer Program - De La Salle University,1764655890.333829
https://www.dlsu.edu.ph/brothers/streaming-videos-brothers,Streaming Videos (Brothers) - De La Salle University,1764655890.4386616
https://www.dlsu.edu.ph/colleges/tdsol,tdsol - De La Salle University,1764655890.4947462
http://gateway.dlsu.edu.ph/sites/gateway/resources/Downloads/Documents/Policy%20on%20Hiring%20and%20Employment%20of%20Relatives.pdf,[FILE] Policy%20on%20Hiring%20and%20Employment%20of%20Relatives.pdf,1764655890.5642693
https://www.dlsu.edu.ph/wp-content/uploads/pdf/policy/safe-spaces-policy.pdf,[FILE] safe-spaces-policy.pdf,1764655890.7026064
https://www.dlsu.edu.ph/inside/guiding-principles/formation,Foundational Principles of Lasallian Formation - De La Salle University,1764655890.743375
https://www.dlsu.edu.ph/wp-content/uploads/pdf/policy/mental-health.pdf,[FILE] mental-health.pdf,1764655890.794697
http://gateway.dlsu.edu.ph/sites/gateway/resources/Downloads/Documents/Faculty%20Manual.pdf,[FILE] Faculty%20Manual.pdf,1764655890.8285158
https://www.dlsu.edu.ph/wp-content/uploads/pdf/policy/digital-citizenship-policy.pdf,[FILE] digital-citizenship-policy.pdf,1764655890.8519723
https://www.dlsu.edu.ph/wp-content/uploads/pdf/policy/privacy-manual.pdf,[FILE] privacy-manual.pdf,1764655891.0508246
http://gateway.dlsu.edu.ph/sites/gateway/resources/Downloads/Documents/IS%20Faculty%20Manual.pdf,[FILE] IS%20Faculty%20Manual.pdf,1764655891.1739292
https://www.dlsu.edu.ph/inside/guiding-principles/education,Principles of Lasallian Education in the Philippines - De La Salle University,1764655891.185582
https://www.dlsu.edu.ph/inside/guiding-principles/social-development,Principles of Lasallian Social Development - De La Salle University,1764655891.1889336
http://gateway.dlsu.edu.ph/sites/gateway/resources/Downloads/Downloadable%20Forms/13.%20Office%20of%20Personnel%20Management%20(OPM)/APSP%20Manual.pdf,[FILE] APSP%20Manual.pdf,1764655891.191748
https://www.dlsu.edu.ph/wp-content/uploads/pdf/policy/social-media-guidelines-dlsu.pdf,[FILE] social-media-guidelines-dlsu.pdf,1764655891.199972
http://gateway.dlsu.edu.ph/sites/gateway/Institutional%20Manuals/Co-Academic%20Personnel%20Manual%20Revised%20%202012.pdf,[FILE] Co-Academic%20Personnel%20Manual%20Revised%20%202012.pdf,1764655891.2632496
https://www.dlsu.edu.ph/wp-content/uploads/pdf/policy/policy-on-legal-document-management.pdf,[FILE] policy-on-legal-document-management.pdf,1764655891.3381546
https://www.dlsu.edu.ph/wp-content/uploads/pdf/policy/policy-on-signatory-authorithy-of-contracts.pdf,[FILE] policy-on-signatory-authorithy-of-contracts.pdf,1764655891.4343107
https://dlsu.edu.ph/wp-content/uploads/pdf/policy/urco-code-of-research-ethics.pdf,[FILE] urco-code-of-research-ethics.pdf,1764655891.4628863
http://gateway.dlsu.edu.ph/sites/gateway/resources/Downloads/Documents/Code%20of%20Ethics%20for%20De%20La%20Salle%20University%20Faculty.pdf,[FILE] Code%20of%20Ethics%20for%20De%20La%20Salle%20University%20Faculty.pdf,1764655891.4742126
https://www.dlsu.edu.ph/wp-content/uploads/pdf/policy/faculty-manual-2021.pdf,[FILE] faculty-manual-2021.pdf,1764655891.5355115
https://www.dlsu.edu.ph/wp-content/uploads/pdf/policy/policy-legal-review-and-approval-of-contracts.pdf,[FILE] policy-legal-review-and-approval-of-contracts.pdf,1764655891.5359278
https://www.dlsu.edu.ph/wp-content/uploads/pdf/policy/internally-funded-research-projects.pdf,[FILE] internally-funded-research-projects.pdf,1764655891.572115
https://www.dlsu.edu.ph/wp-content/uploads/pdf/policy/funds.pdf,[FILE] funds.pdf,1764655891.6193156
https://www.dlsu.edu.ph/wp-content/uploads/pdf/policy/is-faculty-manual.pdf,[FILE] is-faculty-manual.pdf,1764655891.6996706
http://gateway.dlsu.edu.ph/sites/gateway/resources/Downloads/Documents/Procurement%20Manual.pdf,[FILE] Procurement%20Manual.pdf,1764655891.7003503
https://www.dlsu.edu.ph/wp-content/uploads/pdf/policy/policies-and-guidelines-external-projects.pdf,[FILE] policies-and-guidelines-external-projects.pdf,1764655891.7133813
http://gateway.dlsu.edu.ph/sites/gateway/resources/Downloads/Documents/Petty%20Cash%20Fund%20Policies%20and%20Guidelines.pdf,[FILE] Petty%20Cash%20Fund%20Policies%20and%20Guidelines.pdf,1764655891.7518113
http://gateway.dlsu.edu.ph/sites/gateway/resources/Downloads/Documents/Memo%20on%20Cost-Cutting%20Measures.pdf,[FILE] Memo%20on%20Cost-Cutting%20Measures.pdf,1764655891.7660728
https://www.dlsu.edu.ph/wp-content/uploads/pdf/policy/dlsu-knowlegde-and-technology-transfer-policy.pdf,[FILE] dlsu-knowlegde-and-technology-transfer-policy.pdf,1764655891.8030145
https://www.dlsu.edu.ph/wp-content/uploads/pdf/policy/gift-acceptance-policy.pdf,[FILE] gift-acceptance-policy.pdf,1764655891.8108346
https://www.dlsu.edu.ph/wp-content/uploads/pdf/policy/university-code-of-ethical-conduct.pdf,[FILE] university-code-of-ethical-conduct.pdf,1764655891.843013
https://www.dlsu.edu.ph/wp-content/uploads/pdf/policy/trademark-policy.pdf,[FILE] trademark-policy.pdf,1764655891.9407482
http://gateway.dlsu.edu.ph/sites/gateway/resources/Downloads/Documents/Commitment%20to%20Ethical%20Purchasing%20Practices.pdf,[FILE] Commitment%20to%20Ethical%20Purchasing%20Practices.pdf,1764655892.0638435
https://www.dlsu.edu.ph/wp-content/uploads/pdf/policy/dlsu-ip-policies.pdf,[FILE] dlsu-ip-policies.pdf,1764655892.145497
https://www.dlsu.edu.ph/offices/president/uso,University Sustainability Office (USO) - De La Salle University,1764655892.4145734
https://www.dlsu.edu.ph/wp-content/uploads/pdf/organization/president/office-of-the-president-ay2324.pdf,[FILE] office-of-the-president-ay2324.pdf,1764655892.5331736
https://www.dlsu.edu.ph/offices/president/legal-counsel,Legal Counsel - De La Salle University,1764655892.5821056
https://www.dlsu.edu.ph/offices/president/about-the-president,About the President - De La Salle University,1764655892.6665998
https://www.dlsu.edu.ph/offices/stratcom,Office for Strategic Communications (STRATCOM) - De La Salle University,1764655892.7291293
https://www.dlsu.edu.ph/offices/rmca,RMCA - De La Salle University,1764655892.7371023
https://www.dlsu.edu.ph/offices/president/mandate,Mandate - De La Salle University,1764655892.812702
https://www.dlsu.edu.ph/wp-content/uploads/pdf/qao/jubilee-strategy-23-27.pdf,[FILE] jubilee-strategy-23-27.pdf,1764655892.913822
https://www.dlsu.edu.ph/offices/president/past-dlsu-presidents,Past DLSU Presidents - De La Salle University,1764655892.9597218
https://www.dlsu.edu.ph/wp-content/uploads/pdf/qao/elga-2.pdf,[FILE] elga-2.pdf,1764655893.0644982
https://www.dlsu.edu.ph/wp-content/uploads/pdf/qao/autonomous-status.pdf,[FILE] autonomous-status.pdf,1764655893.0751672
https://animo.sys.dlsu.edu.ph,An error has occurred.,1764655893.091994
https://www.dlsu.edu.ph/offices/president/the-presidents-report,The President's Report - De La Salle University,1764655893.1161075
https://www.dlsu.edu.ph/wp-content/uploads/pdf/qao/guide-aun-institutional-quality-assessment.pdf,[FILE] guide-aun-institutional-quality-assessment.pdf,1764655893.1458821
https://www.dlsu.edu.ph/offices/president/university-general-assembly-presidents-address,University General Assembly President’s Address - De La Salle University,1764655893.201737
http://www.dlsu.edu.ph/offices/qao/_pdf/guide-aun-actual-quality-assessment-v4.pdf,[FILE] guide-aun-actual-quality-assessment-v4.pdf,1764655893.218396
https://www.dlsu.edu.ph/wp-content/uploads/pdf/qao/business-administration-ched.pdf,[FILE] business-administration-ched.pdf,1764655893.260172
https://www.dlsu.edu.ph/wp-content/uploads/pdf/qao/institutional-level.pdf,[FILE] institutional-level.pdf,1764655893.3165703
https://www.dlsu.edu.ph/wp-content/uploads/pdf/qao/chemical-engineering-ched.pdf,[FILE] chemical-engineering-ched.pdf,1764655893.3692813
https://www.dlsu.edu.ph/wp-content/uploads/pdf/qao/accountancy-ched.pdf,[FILE] accountancy-ched.pdf,1764655893.4296448
https://www.dlsu.edu.ph/wp-content/uploads/pdf/qao/institutional-accreditation-valid-until-february-2025.pdf,[FILE] institutional-accreditation-valid-until-february-2025.pdf,1764655893.445968
https://www.dlsu.edu.ph/wp-content/uploads/pdf/qao/entrepreneurship-ched.pdf,[FILE] entrepreneurship-ched.pdf,1764655893.4603493
https://www.dlsu.edu.ph/wp-content/uploads/pdf/qao/biology-ched.pdf,[FILE] biology-ched.pdf,1764655893.4902487
https://www.dlsu.edu.ph/wp-content/uploads/pdf/qao/industrial-engineering-ched.pdf,[FILE] industrial-engineering-ched.pdf,1764655893.5623496
https://www.dlsu.edu.ph/wp-content/uploads/pdf/qao/civil-engineering-ched.pdf,[FILE] civil-engineering-ched.pdf,1764655893.6119697
https://www.dlsu.edu.ph/wp-content/uploads/pdf/qao/chemistry-ched.pdf,[FILE] chemistry-ched.pdf,1764655893.654576
https://www.dlsu.edu.ph/wp-content/uploads/pdf/qao/teacher-education-ched.pdf,[FILE] teacher-education-ched.pdf,1764655893.6909227
https://www.dlsu.edu.ph/wp-content/uploads/pdf/qao/electronics-and-communications-engineering-ched.pdf,[FILE] electronics-and-communications-engineering-ched.pdf,1764655893.7051148
https://www.dlsu.edu.ph/wp-content/uploads/pdf/qao/information-technology-ched.pdf,[FILE] information-technology-ched.pdf,1764655893.7644658
https://www.dlsu.edu.ph/wp-content/uploads/pdf/qao/mechanical-engineering-ched.pdf,[FILE] mechanical-engineering-ched.pdf,1764655893.7713563
https://www.dlsu.edu.ph/wp-content/uploads/pdf/qao/physics-ched.pdf,[FILE] physics-ched.pdf,1764655893.8195574
https://www.dlsu.edu.ph/wp-content/uploads/pdf/qao/history-ched.pdf,[FILE] history-ched.pdf,1764655893.847439
https://www.dlsu.edu.ph/wp-content/uploads/pdf/qao/mathematics-ched.pdf,[FILE] mathematics-ched.pdf,1764655893.9041488
https://www.dlsu.edu.ph/wp-content/uploads/pdf/qao/computer-engineering-ched.pdf,[FILE] computer-engineering-ched.pdf,1764655893.9421551
https://www.dlsu.edu.ph/wp-content/uploads/pdf/qao/business-faappascu.pdf,[FILE] business-faappascu.pdf,1764655893.9504154
https://www.dlsu.edu.ph/wp-content/uploads/pdf/qao/statistics-ched.pdf,[FILE] statistics-ched.pdf,1764655893.9640865
https://www.dlsu.edu.ph/wp-content/uploads/pdf/qao/literature-ched.pdf,[FILE] literature-ched.pdf,1764655893.984851
https://www.dlsu.edu.ph/wp-content/uploads/pdf/qao/economics-faappascu.pdf,[FILE] economics-faappascu.pdf,1764655893.99752
https://www.dlsu.edu.ph/wp-content/uploads/pdf/qao/accountancy-faappascu.pdf,[FILE] accountancy-faappascu.pdf,1764655894.1925232
https://www.dlsu.edu.ph/wp-content/uploads/pdf/qao/political-science-ched.pdf,[FILE] political-science-ched.pdf,1764655894.194665
https://www.dlsu.edu.ph/wp-content/uploads/pdf/qao/chemical-engineering-faappascu.pdf,[FILE] chemical-engineering-faappascu.pdf,1764655894.201251
https://www.dlsu.edu.ph/wp-content/uploads/pdf/qao/liberal-arts-faappascu.pdf,[FILE] liberal-arts-faappascu.pdf,1764655894.2022686
https://www.dlsu.edu.ph/wp-content/uploads/pdf/qao/science-faappascu.pdf,[FILE] science-faappascu.pdf,1764655894.2540414
https://www.dlsu.edu.ph/wp-content/uploads/pdf/qao/entrepreneurship-faappascu.pdf,[FILE] entrepreneurship-faappascu.pdf,1764655894.294994
https://www.dlsu.edu.ph/wp-content/uploads/pdf/qao/computer-science-faappascu.pdf,[FILE] computer-science-faappascu.pdf,1764655894.3960419
https://www.dlsu.edu.ph/wp-content/uploads/pdf/qao/elementary-education-programs-faappascu.pdf,[FILE] elementary-education-programs-faappascu.pdf,1764655894.404156
https://www.dlsu.edu.ph/wp-content/uploads/pdf/qao/secondary-education-programs-faappascu.pdf,[FILE] secondary-education-programs-faappascu.pdf,1764655894.4330635
https://www.dlsu.edu.ph/wp-content/uploads/pdf/qao/industrial-engineering-faappascu.pdf,[FILE] industrial-engineering-faappascu.pdf,1764655894.4586225
https://www.dlsu.edu.ph/wp-content/uploads/pdf/qao/civil-engineering-faappascu.pdf,[FILE] civil-engineering-faappascu.pdf,1764655894.537003
https://www.dlsu.edu.ph/wp-content/uploads/pdf/qao/gs-sciences-faappascu.pdf,[FILE] gs-sciences-faappascu.pdf,1764655894.5803137
https://www.dlsu.edu.ph/wp-content/uploads/pdf/qao/gs-education-faappascu.pdf,[FILE] gs-education-faappascu.pdf,1764655894.6270573
https://www.dlsu.edu.ph/wp-content/uploads/pdf/qao/electronics-engineering-faappascu.pdf,[FILE] electronics-engineering-faappascu.pdf,1764655894.693811
https://www.dlsu.edu.ph/wp-content/uploads/pdf/qao/manufacturing-engineeringand-management-faappascu.pdf,[FILE] manufacturing-engineeringand-management-faappascu.pdf,1764655894.7007885
https://www.dlsu.edu.ph/wp-content/uploads/pdf/qao/gs-liberal-arts-faappascu.pdf,[FILE] gs-liberal-arts-faappascu.pdf,1764655894.742333
https://www.dlsu.edu.ph/wp-content/uploads/pdf/qao/letter-from-paascu-ce-bsit-bsis-2024.pdf,[FILE] letter-from-paascu-ce-bsit-bsis-2024.pdf,1764655894.7462747
https://www.dlsu.edu.ph/wp-content/uploads/pdf/qao/doctor-of-business-administration-program-faappascu.pdf,[FILE] doctor-of-business-administration-program-faappascu.pdf,1764655894.749873
https://www.dlsu.edu.ph/wp-content/uploads/pdf/qao/ms-in-financial-engineering-faappascu.pdf,[FILE] ms-in-financial-engineering-faappascu.pdf,1764655894.8556716
https://www.dlsu.edu.ph/wp-content/uploads/pdf/qao/ms-in-computational-finance-faappascu.pdf,[FILE] ms-in-computational-finance-faappascu.pdf,1764655894.8580065
https://www.dlsu.edu.ph/wp-content/uploads/pdf/qao/master-in-business-administration-program-faappascu.pdf,[FILE] master-in-business-administration-program-faappascu.pdf,1764655894.9159484
https://www.dlsu.edu.ph/wp-content/uploads/pdf/qao/ms-in-accountancy-faappascu.pdf,[FILE] ms-in-accountancy-faappascu.pdf,1764655894.9480207
https://www.dlsu.edu.ph/wp-content/uploads/pdf/qao/ms-in-entrepreneurship-faappascu.pdf,[FILE] ms-in-entrepreneurship-faappascu.pdf,1764655894.9543037
https://www.dlsu.edu.ph/wp-content/uploads/pdf/qao/phd-in-business-faappascu.pdf,[FILE] phd-in-business-faappascu.pdf,1764655895.0519557
https://www.dlsu.edu.ph/wp-content/uploads/pdf/qao/electronics-engineering-aun-qa-2023.pdf,[FILE] electronics-engineering-aun-qa-2023.pdf,1764655895.0854917
https://www.dlsu.edu.ph/wp-content/uploads/pdf/qao/early-childhood-education-aun-qa-2023.pdf,[FILE] early-childhood-education-aun-qa-2023.pdf,1764655895.0917144
https://www.dlsu.edu.ph/wp-content/uploads/pdf/qao/chemical-engineering-aun-qa.pdf,[FILE] chemical-engineering-aun-qa.pdf,1764655895.0964808
https://www.dlsu.edu.ph/wp-content/uploads/pdf/qao/ms-in-industrial-relations-and-management-faappascu.pdf,[FILE] ms-in-industrial-relations-and-management-faappascu.pdf,1764655895.1313877
https://www.dlsu.edu.ph/wp-content/uploads/pdf/qao/chemistry-aun-qa-2023.pdf,[FILE] chemistry-aun-qa-2023.pdf,1764655895.1575785
https://www.dlsu.edu.ph/wp-content/uploads/pdf/qao/master-in-marketing-communications-faappascu.pdf,[FILE] master-in-marketing-communications-faappascu.pdf,1764655895.1686423
https://www.dlsu.edu.ph/wp-content/uploads/pdf/qao/bs-in-computer-engineering-aun-qa-2023.pdf,[FILE] bs-in-computer-engineering-aun-qa-2023.pdf,1764655895.231898
https://www.dlsu.edu.ph/wp-content/uploads/pdf/qao/ms-in-marketing-faappascu.pdf,[FILE] ms-in-marketing-faappascu.pdf,1764655895.242759
https://www.dlsu.edu.ph/wp-content/uploads/pdf/qao/ab-in-behavioral-science-major-in-organizational-and-social-systems-development-aun-qa-ug-2023.pdf,[FILE] ab-in-behavioral-science-major-in-organizational-and-social-systems-development-aun-qa-ug-2023.pdf,1764655895.2728007
https://www.dlsu.edu.ph/wp-content/uploads/pdf/qao/chemical-engineering-aun-qa-2018.pdf,[FILE] chemical-engineering-aun-qa-2018.pdf,1764655895.3141637
https://www.dlsu.edu.ph/wp-content/uploads/pdf/qao/accountancy-aun-qa-ug-2014-december.pdf,[FILE] accountancy-aun-qa-ug-2014-december.pdf,1764655895.3729455
https://www.dlsu.edu.ph/wp-content/uploads/pdf/qao/literature-aun-qa.pdf,[FILE] literature-aun-qa.pdf,1764655895.37619
https://www.dlsu.edu.ph/wp-content/uploads/pdf/qao/bs-in-accountancy-aun-qa-2023.pdf,[FILE] bs-in-accountancy-aun-qa-2023.pdf,1764655895.3943045
https://www.dlsu.edu.ph/wp-content/uploads/pdf/qao/chemistry-aun-qa-ug-2010-november.pdf,[FILE] chemistry-aun-qa-ug-2010-november.pdf,1764655895.4304655
https://www.dlsu.edu.ph/wp-content/uploads/pdf/qao/applied-corporate-management-aun-qa.pdf,[FILE] applied-corporate-management-aun-qa.pdf,1764655895.4740727
https://www.dlsu.edu.ph/wp-content/uploads/pdf/qao/statistics-aun-qa.pdf,[FILE] statistics-aun-qa.pdf,1764655895.534347
https://www.dlsu.edu.ph/wp-content/uploads/pdf/qao/physics-aun-qa.pdf,[FILE] physics-aun-qa.pdf,1764655895.61284
https://www.dlsu.edu.ph/wp-content/uploads/pdf/qao/civil-engineering-aun-qa.pdf,[FILE] civil-engineering-aun-qa.pdf,1764655895.6284566
https://www.dlsu.edu.ph/wp-content/uploads/pdf/qao/economics-aun-qa.pdf,[FILE] economics-aun-qa.pdf,1764655895.634153
https://www.dlsu.edu.ph/wp-content/uploads/pdf/qao/software-technology-aun-qa.pdf,[FILE] software-technology-aun-qa.pdf,1764655895.6916103
https://www.dlsu.edu.ph/wp-content/uploads/pdf/qao/psychology-aun-qa.pdf,[FILE] psychology-aun-qa.pdf,1764655895.7220583
https://www.dlsu.edu.ph/wp-content/uploads/pdf/qao/entrepreneurship-aun-qa.pdf,[FILE] entrepreneurship-aun-qa.pdf,1764655895.7266757
https://www.dlsu.edu.ph/wp-content/uploads/pdf/qao/international-studies-aun-qa.pdf,[FILE] international-studies-aun-qa.pdf,1764655895.7960374
https://www.dlsu.edu.ph/wp-content/uploads/pdf/qao/mathematics-aun-qa.pdf,[FILE] mathematics-aun-qa.pdf,1764655895.8071673
https://www.dlsu.edu.ph/wp-content/uploads/pdf/qao/biology-aun-qa.pdf,[FILE] biology-aun-qa.pdf,1764655895.8102415
https://www.dlsu.edu.ph/wp-content/uploads/pdf/qao/chemical-engineering-ptc-abet.pdf,[FILE] chemical-engineering-ptc-abet.pdf,1764655895.8643267
https://www.dlsu.edu.ph/wp-content/uploads/pdf/qao/electronics-engineering-ptc-abet.pdf,[FILE] electronics-engineering-ptc-abet.pdf,1764655895.8987403
https://www.dlsu.edu.ph/wp-content/uploads/pdf/qao/political-science-aun-qa.pdf,[FILE] political-science-aun-qa.pdf,1764655895.968394
https://www.dlsu.edu.ph/wp-content/uploads/pdf/qao/industrial-engineering-ptc-abet.pdf,[FILE] industrial-engineering-ptc-abet.pdf,1764655895.969765
https://www.dlsu.edu.ph/wp-content/uploads/pdf/qao/computer-engineering-ptc-abet.pdf,[FILE] computer-engineering-ptc-abet.pdf,1764655895.9982488
https://www.dlsu.edu.ph/wp-content/uploads/pdf/qao/mechanical-engineering-aun-qa.pdf,[FILE] mechanical-engineering-aun-qa.pdf,1764655896.0162158
https://www.dlsu.edu.ph/wp-content/uploads/pdf/qao/industrial-engineering-aun-qa.pdf,[FILE] industrial-engineering-aun-qa.pdf,1764655896.0697112
https://www.dlsu.edu.ph/wp-content/uploads/pdf/qao/civil-engineering-ptc-abet.pdf,[FILE] civil-engineering-ptc-abet.pdf,1764655896.090752
https://www.dlsu.edu.ph/wp-content/uploads/pdf/ovplm/usef-guidelines.pdf,[FILE] usef-guidelines.pdf,1764655896.2012532
https://www.dlsu.edu.ph/wp-content/uploads/pdf/qao/mechanical-engineering-ptc-abet.pdf,[FILE] mechanical-engineering-ptc-abet.pdf,1764655896.267795
https://www.dlsu.edu.ph/wp-content/uploads/pdf/ovplm/ufff-management-guidelines.pdf,[FILE] ufff-management-guidelines.pdf,1764655896.4010313
https://www.dlsu.edu.ph/personnel/balay,Balay - De La Salle University,1764655896.6617773
https://www.dlsu.edu.ph/offices/osa/occs-home,occs-home - De La Salle University,1764655896.985341
https://www.dlsu.edu.ph/offices/osa-reference/s-life,S LIFE - De La Salle University,1764655897.2353258
https://www.dlsu.edu.ph/offices/osa-reference/nfo,NSTP and Formation Office - De La Salle University,1764655897.3147964
https://www.dlsu.edu.ph/offices/osa-reference/osd,Office of Sports Development - De La Salle University,1764655897.3728788
https://www.dlsu.edu.ph/offices/osa-reference/sdfo,SDFO - De La Salle University,1764655897.5189905
https://www.dlsu.edu.ph/offices/ovplm/social-engagement,social-engagement - De La Salle University,1764655897.5278313
https://www.dlsu.edu.ph/offices/osa/smo,SMO - De La Salle University,1764655897.5644367
https://www.dlsu.edu.ph/offices/cao,Culture and Arts Office - De La Salle University,1764655897.8233993
https://www.dlsu.edu.ph/wp-content/uploads/2018/09/06.jpg,[FILE] 06.jpg,1764655897.8809347
https://www.dlsu.edu.ph/wp-content/uploads/2020/11/02-1.jpg,[FILE] 02-1.jpg,1764655898.004438
https://www.dlsu.edu.ph/lasallianmission/research/lasallian-mission-at-dlsu/lasallian-mission-office-laguna,Lasallian Mission Office Laguna - De La Salle University,1764655898.0243242
https://www.dlsu.edu.ph/wp-content/uploads/2018/09/01.jpg,[FILE] 01.jpg,1764655898.192548
https://www.dlsu.edu.ph/wp-content/uploads/2020/11/Untitled-1.jpg,[FILE] Untitled-1.jpg,1764655898.1969895
https://www.dlsu.edu.ph/offices/bamcref,BAMCREF - De La Salle University,1764655898.2332854
https://www.dlsu.edu.ph/wp-content/uploads/2020/11/01-1.jpg,[FILE] 01-1.jpg,1764655898.2426262
https://www.dlsu.edu.ph/wp-content/uploads/2018/09/03.jpg,[FILE] 03.jpg,1764655898.3101637
https://www.dlsu.edu.ph/lasallianmission/lseed,Lasallian Social Entrepreneurship - De La Salle University,1764655898.3913088
https://www.dlsu.edu.ph/wp-content/uploads/2018/09/04.jpg,[FILE] 04.jpg,1764655898.3969855
https://www.dlsu.edu.ph/wp-content/uploads/2018/09/05.jpg,[FILE] 05.jpg,1764655898.398535
https://www.dlsu.edu.ph/lasallianmission/lspo,Lasallian Pastoral Office (LSPO) - De La Salle University,1764655898.4635859
https://www.dlsu.edu.ph/wp-content/uploads/2018/07/my_vocational_journey.pdf,[FILE] my_vocational_journey.pdf,1764655898.5166438
https://www.dlsu.edu.ph/administration/_pdf/admin-orgchart.pdf,[FILE] admin-orgchart.pdf,1764655898.9047377
https://www.dlsu.edu.ph/lasallianmission/cosca,COSCA - De La Salle University,1764655898.97313
https://www.dlsu.edu.ph/offices/ovplm/lspo,Lasallian Pastoral Office (LSPO) - De La Salle University,1764655899.0330806
https://www.dlsu.edu.ph/university-fellows/exemplars-of-excellence,Exemplars of Excellence - De La Salle University,1764655899.1207373
https://www.dlsu.edu.ph/college-administration,College Administration - De La Salle University,1764655899.1391563
https://www.dlsu.edu.ph/university-fellows/excelsior-history-university-fellows,Excelsior: The History of University Fellows - De La Salle University,1764655899.1886396
https://www.dlsu.edu.ph/honorary-degree-awardees,Honorary Degree Awardees - De La Salle University,1764655899.5347908
https://www.dlsu.edu.ph/offices/president/default.asp,President - De La Salle University,1764655899.6307669
https://www.dlsu.edu.ph/university-fellows/dr-tereso-s-tullao-jr,"Dr. Tereso S. Tullao, Jr. - De La Salle University",1764655899.6941473
https://www.dlsu.edu.ph/university-fellows/dr-marie-marjorie-evasco-pernia,Dr. Marie Marjorie Evasco-Pernia - De La Salle University,1764655899.7658188
https://www.dlsu.edu.ph/personnel/balay/five-balays,Five Balays - De La Salle University,1764655899.7919822
https://www.dlsu.edu.ph/university-fellows/dr-rose-marie-clemena,Dr. Rose Marie Clemeña - De La Salle University,1764655900.0884557
https://www.dlsu.edu.ph/university-fellows/dr-severino-v-gervacio,Dr. Severino V. Gervacio - De La Salle University,1764655900.1037936
https://www.dlsu.edu.ph/university-fellows/dr-clodualdo-a-del-mundo-jr,"Dr. Clodualdo A. del Mundo, Jr. - De La Salle University",1764655900.1061466
https://www.dlsu.edu.ph/university-fellows/dr-cirilo-f-bautista,Dr. Cirilo F. Bautista - De La Salle University,1764655900.2345605
https://www.dlsu.edu.ph/university-fellows/dr-wilfrido-v-villacorta,Dr. Wilfrido V. Villacorta - De La Salle University,1764655900.3115702
https://www.dlsu.edu.ph/wp-content/uploads/2018/07/jobpost_form.pdf,[FILE] jobpost_form.pdf,1764655900.4407465
https://www.dlsu.edu.ph/university-fellows/dr-ma-lourdes-s-bautista,Dr. Ma. Lourdes S. Bautista - De La Salle University,1764655900.4810774
https://www.dlsu.edu.ph/university-fellows/dr-marcelino-a-foronda-jr,"Dr. Marcelino A. Foronda, Jr. - De La Salle University",1764655900.5233743
http://intranet.dlsu.edu.ph/downloads/forms/pdf/its_servicerequestform.pdf,[FILE] its_servicerequestform.pdf,1764655900.7156398
https://www.dlsu.edu.ph/wp-content/uploads/2018/07/jobpost_form-contractuals.pdf,[FILE] jobpost_form-contractuals.pdf,1764655900.753418
https://www.dlsu.edu.ph/university-fellows/dr-isagani-r-cruz,Dr. Isagani R. Cruz - De La Salle University,1764655900.7631593
https://www.dlsu.edu.ph/university-fellows/dr-claro-r-ceniza,Dr. Claro R. Ceniza - De La Salle University,1764655900.7717113
https://www.dlsu.edu.ph/university-fellows/dr-emerita-quitoi,Dr. Emerita Quito - De La Salle University,1764655900.9151459
https://www.dlsu.edu.ph/university-fellows/dr-carmelita-i-quebengco,Dr. Carmelita I. Quebengco - De La Salle University,1764655900.9469626
https://www.dlsu.edu.ph/university-fellows/brother-andrew-b-gonzalez-fsc,"Brother Andrew B. Gonzalez, FSC - De La Salle University",1764655901.0423129
https://www.dlsu.edu.ph/offices/president/aaro/animo-stories,Animo Stories - De La Salle University,1764655901.1514854
https://www.dlsu.edu.ph/give/stories,Stories - De La Salle University,1764655901.608209
https://www.dlsu.edu.ph/offices/president/aaro/arrow,Arrow - De La Salle University,1764655901.6882627
https://www.dlsu.edu.ph/camille-de-pedro-going-out-of-her-comfort-zone,Camille De Pedro: Going out of her comfort zone - De La Salle University,1764655901.724058
https://www.dlsu.edu.ph/southgate/?redirect_to=https%3A%2F%2Fwww.dlsu.edu.ph%2Fjobs%2F,Log In ‹ De La Salle University — WordPress,1764655901.747517
https://www.dlsu.edu.ph/lasallian-leader-with-resilience-purpose-and-impact,"Lasallian Leader with Resilience, Purpose and Impact - De La Salle University",1764655901.8028057
https://www.dlsu.edu.ph/from-classroom-to-c-suite-the-carlos-santos-lasallian-journey,From Classroom to C-Suite: The Carlos Santos Lasallian Journey - De La Salle University,1764655901.8727846
https://www.dlsu.edu.ph/from-scholar-to-nation-builder-paying-it-forward,From Scholar to Nation-Builder: Paying It Forward - De La Salle University,1764655901.8857584
https://www.dlsu.edu.ph/changing-one-life-at-a-time-a-lasallian-journey,Changing One Life at a Time: A Lasallian Journey - De La Salle University,1764655902.241509
https://www.dlsu.edu.ph/maria-oryza-martinez-paying-it-forward-through-education,Maria Oryza Martinez: Paying it forward through education - De La Salle University,1764655902.5397046
https://www.dlsu.edu.ph/atty-pauline-grace-intal-pantaleon-a-lawyer-and-a-public-servant,Atty. Pauline Grace Intal-Pantaleon: A lawyer and a public servant - De La Salle University,1764655902.544972
https://www.dlsu.edu.ph/dr-elfren-cruz-living-with-the-lasallian-values,Dr. Elfren Cruz: Living with the Lasallian values - De La Salle University,1764655902.5697114
https://www.dlsu.edu.ph/rosemarie-bosch-ong-integrity-and-experience-in-building-homes,Rosemarie Bosch - Ong: Integrity and experience in building homes - De La Salle University,1764655902.5838268
https://www.dlsu.edu.ph/lasallian-through-and-through,Lasallian through and through - De La Salle University,1764655902.6010077
https://www.dlsu.edu.ph/edward-joseph-carig-francisco-driven-with-purpose,Edward Joseph Carig Francisco: Driven with Purpose - De La Salle University,1764655903.3651261
https://www.dlsu.edu.ph/angela-ann-vera-leading-by-adding-value-to-others,Angela Ann Vera: Leading by adding value to others - De La Salle University,1764655903.3706398
https://www.dlsu.edu.ph/chasing-a-dream,Atty. Othello M. Mendoza II: Chasing a dream - De La Salle University,1764655903.3755648
https://www.dlsu.edu.ph/admissions/graduate/graduate-degree-codes,Graduate Program Offerings - De La Salle University,1764655903.45567
https://www.dlsu.edu.ph/wp-content/uploads/pdf/oas/graduate/gs-consent-form-short.pdf,[FILE] gs-consent-form-short.pdf,1764655903.5861828
https://www.dlsu.edu.ph/admissions/graduate/graduate-procedures,Graduate Application Procedures - De La Salle University,1764655903.6328735
https://www.dlsu.edu.ph/wp-content/uploads/pdf/oas/graduate/deferment-of-enrollment.pdf,[FILE] deferment-of-enrollment.pdf,1764655903.6927478
https://www.dlsu.edu.ph/wp-content/uploads/pdf/oas/graduate/gs-consent-form-long.pdf,[FILE] gs-consent-form-long.pdf,1764655903.7883153
https://www.dlsu.edu.ph/wp-content/uploads/pdf/oas/graduate/credentials-withdrawal-form.pdf,[FILE] credentials-withdrawal-form.pdf,1764655903.9628744
https://www.dlsu.edu.ph/wp-content/uploads/pdf/oas/graduate/department-recommendation-form.pdf,[FILE] department-recommendation-form.pdf,1764655904.0701966
https://www.dlsu.edu.ph/wp-content/uploads/pdf/oas/graduate/agreement-form-for-completion-of-requirements.pdf,[FILE] agreement-form-for-completion-of-requirements.pdf,1764655904.2660656
https://www.dlsu.edu.ph/admissions/graduate/graduate-reprocessing-procedures,Graduate Reprocessing Procedures - De La Salle University,1764655904.3598678
https://www.dlsu.edu.ph/wp-content/uploads/pdf/oas/graduate/gs-enrollment-confirmation.pdf,[FILE] gs-enrollment-confirmation.pdf,1764655904.373698
https://www.dlsu.edu.ph/wp-content/uploads/pdf/oas/graduate/SOL-procedures.pdf,[FILE] SOL-procedures.pdf,1764655904.4302733
https://www.dlsu.edu.ph/admissions/graduate/graduate-procedures-law,Graduate Application Procedures for the Tañada-Diokno School of Law - De La Salle University,1764655904.4998877
https://www.dlsu.edu.ph/wp-content/uploads/pdf/registrar/gs-projected-tuition-and-fees.pdf,[FILE] gs-projected-tuition-and-fees.pdf,1764655904.5757174
https://www.dlsu.edu.ph/wp-content/uploads/pdf/oas/graduate/SOL-procedures-batch-2.pdf,[FILE] SOL-procedures-batch-2.pdf,1764655904.7020707
https://www.dlsu.edu.ph/admissions/graduate/requirements-checklist-for-international-applicants,Requirements Checklist for International Applicants - De La Salle University,1764655904.7361455
https://www.dlsu.edu.ph/wp-content/uploads/pdf/oas/graduate/agreement-form-for-completion-of-requirements-law.pdf,[FILE] agreement-form-for-completion-of-requirements-law.pdf,1764655904.7491086
https://www.dlsu.edu.ph/wp-content/uploads/pdf/oas/graduate/col-undertaking.pdf,[FILE] col-undertaking.pdf,1764655904.8178697
https://www.dlsu.edu.ph/wp-content/uploads/pdf/oas/undergraduate/exemptions-crediting-1819.pdf,[FILE] exemptions-crediting-1819.pdf,1764655904.8460684
https://www.dlsu.edu.ph/admissions/undergraduate/downloadable-forms,Downloadable Forms - De La Salle University,1764655905.580762
https://www.dlsu.edu.ph/admissions/undergraduate/freshmen-procedures,Frosh Application - De La Salle University,1764655905.734227
https://www.dlsu.edu.ph/admissions/undergraduate/frosh-application-procedures,Frosh Application Procedures - De La Salle University,1764655905.7432876
https://www.dlsu.edu.ph/admissions/undergraduate/second-degree-procedures,Second Degree Procedures - De La Salle University,1764655905.7671
https://www.dlsu.edu.ph/admissions/undergraduate/transferee-procedures,Transferee Procedures - De La Salle University,1764655905.8673403
https://www.dlsu.edu.ph/wp-content/uploads/pdf/oas/undergraduate/crediting-guidelines-for-connect-ed-schools.pdf,[FILE] crediting-guidelines-for-connect-ed-schools.pdf,1764655906.05714
https://www.dlsu.edu.ph/wp-content/uploads/pdf/oas/undergraduate/requirements-for-confirmation.pdf,[FILE] requirements-for-confirmation.pdf,1764655906.1135576
https://www.dlsu.edu.ph/wp-content/uploads/pdf/oas/undergraduate/transfer-and-2nd-ug-degree-schedule-and-procedures.pdf,[FILE] transfer-and-2nd-ug-degree-schedule-and-procedures.pdf,1764655906.1365268
https://www.dlsu.edu.ph/wp-content/uploads/pdf/oas/undergraduate/confirmation-document-checklist-transfer-2nd-ug.pdf,[FILE] confirmation-document-checklist-transfer-2nd-ug.pdf,1764655906.1370456
https://www.dlsu.edu.ph/wp-content/uploads/pdf/oas/undergraduate/confirmation-document-checklist-frosh.pdf,[FILE] confirmation-document-checklist-frosh.pdf,1764655906.1427605
https://www.dlsu.edu.ph/admissions/scholarships/grants/st-la-salle-financial-assistance-grant-for-incoming-college-freshmen,St. La Salle Financial Assistance Grant for Incoming First Year Students - De La Salle University,1764655906.8002775
https://www.dlsu.edu.ph/admissions/scholarships/grants/student-loan-program,Student Loan Program - De La Salle University,1764655906.8609197
https://www.dlsu.edu.ph/admissions/scholarships/graduate-scholarship,Graduate Scholarship - De La Salle University,1764655906.9106188
https://www.dlsu.edu.ph/admissions/scholarships/st-la-salle-financial-assistance-grant-for-current-students,st-la-salle-financial-assistance-grant-for-current-students - De La Salle University,1764655906.9644125
https://www.dlsu.edu.ph/admissions/scholarships/col-scholarship,col-scholarship - De La Salle University,1764655907.014356
https://www.dlsu.edu.ph/admissions/scholarships/grants/col-student-loan-program,col-student-loan-program - De La Salle University,1764655907.2756798
https://www.dlsu.edu.ph/admissions/scholarships/wesley-zaidan-foundation,Wesley Zaidan Foundation - De La Salle University,1764655907.5520139
https://www.dlsu.edu.ph/admissions/scholarships/mindnation-scholarship-program,MindNation Scholarship Program - De La Salle University,1764655907.560069
https://www.dlsu.edu.ph/admissions/scholarships/st-miguel-febres-cordero-scholarship-program,St. Miguel Febres Cordero Scholarship Program - De La Salle University,1764655907.629844
https://www.dlsu.edu.ph/admissions/scholarships/Alvarez-Foundation-Scholarship-Program,Alvarez Foundation Scholarship Program - De La Salle University,1764655907.8284643
https://www.dlsu.edu.ph/admissions/scholarships/financial-assistance-for-tertiary-education-program-fate,"REBISCO FOUNDATION, INC. (FINANCIAL ASSISTANCE FOR TERTIARY EDUCATION PROGRAM) - De La Salle University",1764655907.9619663
https://www.dlsu.edu.ph/admissions/scholarships/grants/st-mutien-marie-scholarship-grant-juris-doctor,St. Mutien Marie Scholarship Grant (Juris Doctor) - De La Salle University,1764655908.0879924
https://www.dlsu.edu.ph/admissions/scholarships/grants/archer-achiever-scholarship,Archer Achiever Scholarship - De La Salle University,1764655908.0970716
https://www.dlsu.edu.ph/admissions/scholarships/grants/star-scholars,Star Scholars - De La Salle University,1764655908.171596
https://www.dlsu.edu.ph/admissions/scholarships/grants/gokongwei-grants,Gokongwei Grants - De La Salle University,1764655908.2391207
https://www.dlsu.edu.ph/admissions/scholarships/grants/vaugirard-scholarship-program,Vaugirard Scholarship Program - De La Salle University,1764655908.5434167
https://www.dlsu.edu.ph/admissions/scholarships/grants/br-andrew-gonzalez-academic-scholarship,Br. Andrew Gonzalez Academic Scholarship - De La Salle University,1764655908.5673025
https://www.dlsu.edu.ph/admissions/scholarships/grants/st-la-salle-financial-assistance-grant-for-incoming-grade-11-students,St. La Salle Financial Assistance Grant for Incoming Grade 11 Students - De La Salle University,1764655908.764031
https://www.dlsu.edu.ph/admissions/scholarships/grants/centennial-scholarship-program-csp,Centennial Scholarship Program (CSP) - De La Salle University,1764655908.8229773
https://www.dlsu.edu.ph/admissions/scholarships/st-la-salle-financial-assistance-grant,St. La Salle Financial Assistance Grant - De La Salle University,1764655908.8372514
https://www.dlsu.edu.ph/wp-content/uploads/pdf/oas/scholarships/faqs-application-to-st-la-salle-financial-assistance-grant-undergraduate-level.pdf,[FILE] faqs-application-to-st-la-salle-financial-assistance-grant-undergraduate-level.pdf,1764655908.882476
https://www.dlsu.edu.ph/admissions/scholarships/grants/scholarship-for-children-of-co-academic-personnel-scc,Scholarship For Children Of Co-Academic Personnel (SCC) - De La Salle University,1764655908.9088745
https://www.dlsu.edu.ph/admissions/scholarships/grants/scholarship-for-children-of-faculty-scf,Scholarship for Children of Faculty (SCF) - De La Salle University,1764655909.1170533
https://www.dlsu.edu.ph/wp-content/uploads/pdf/oas/scholarships/essay-guide-questions-ayY2025-2026.pdf,[FILE] essay-guide-questions-ayY2025-2026.pdf,1764655909.1497195
https://www.dlsu.edu.ph/admissions/scholarships/grants,Grants - De La Salle University,1764655909.1637657
https://www.dlsu.edu.ph/wp-content/uploads/pdf/oas/scholarships/gfi-list-of-scholarships-program.pdf,[FILE] gfi-list-of-scholarships-program.pdf,1764655909.170313
https://www.dlsu.edu.ph/admissions/scholarships/grants/start,Student Assistantship and Resource Training Program (START) - De La Salle University,1764655909.2068744
https://www.dlsu.edu.ph/admissions/scholarships/grants/brother-president-scholarship-program-bpsp,Brother President Scholarship Program (BPSP) - De La Salle University,1764655909.395057
https://www.dlsu.edu.ph/admissions/scholarships/scholarship-grant-renewal,Scholarship Grant Renewal - De La Salle University,1764655909.896137
https://www.dlsu.edu.ph/admissions/scholarships/scholarship-primers,Scholarship Primers - De La Salle University,1764655909.9064546
https://www.dlsu.edu.ph/admissions/graduate/checklist-local.asp,Requirements Checklist for Local Applicants - De La Salle University,1764655910.0483282
https://www.dlsu.edu.ph/offices/vcadmin,vcadmin - De La Salle University,1764655910.2832186
https://www.dlsu.edu.ph/admissions/scholarships/contact-us,Contact Us - De La Salle University,1764655910.402945
https://www.dlsu.edu.ph/admissions/scholarships/downloadable-forms,Downloadable Forms - De La Salle University,1764655910.4104812
https://www.dlsu.edu.ph/offices/office-vice-chancellor-academics,Office of the Provost - De La Salle University,1764655910.5373976
https://www.dlsu.edu.ph/laguna-campus/vice-chancellor-laguna-campus,Office of the Vice Chancellor for DLSU Laguna Campus - De La Salle University,1764655910.598722
https://www.dlsu.edu.ph/offices/its,ITS - De La Salle University,1764655910.6604333
https://www.dlsu.edu.ph/offices/vcri,Office of the Vice Chancellor for Research and Innovation - De La Salle University,1764655910.6716392
https://www.dlsu.edu.ph/offices/office-vice-chancellor-research-innovation,Office of the Vice Chancellor for Research and Innovation - De La Salle University,1764655910.9264512
https://www.dlsu.edu.ph/offices/office-of-personnel-management-opm,Office of Personnel Management (OPM) - De La Salle University,1764655911.3712094
https://www.dlsu.edu.ph/offices/iteo,ITEO - De La Salle University,1764655911.4993463
https://www.dlsu.edu.ph/office/asist,ASIST - De La Salle University,1764655911.5429134
https://www.dlsu.edu.ph/offices/office-vice-chancellor-campus-development,Office of the Associate Vice Chancellor for Campus Development - De La Salle University,1764655911.6835463
https://www.dlsu.edu.ph/research/research-centers/jmrig,Jesse M. Robredo Institute of Governance - De La Salle University,1764655912.0550542
https://www.dlsu.edu.ph/research/research-centers/aki,Angelo King Institute for Economic and Business Studies (DLSU-AKI) - De La Salle University,1764655912.1346672
https://www.dlsu.edu.ph/offices/lspo,Lasallian Pastoral Office (LSPO) - De La Salle University,1764655912.5331926
https://www.dlsu.edu.ph/research/research-centers/sdrc/home,Home - De La Salle University,1764655912.6654577
https://www.dlsu.edu.ph/offices/vcadmin/oavcfm,Office of the AVC for Facilities Management - De La Salle University,1764655912.7862213
https://www.dlsu.edu.ph/offices/vcadmin/university-safety-office,University Safety Office - De La Salle University,1764655913.1597786
https://www.dlsu.edu.ph/offices/vcadmin/security-office,security-office - De La Salle University,1764655913.3838212
https://www.dlsu.edu.ph/offices/oavccs,Office of the Associate Vice Chancellor for Campus Services - De La Salle University,1764655913.6234956
https://www.dlsu.edu.ph/offices/reo,Research Ethics Office - De La Salle University,1764655913.9164205
https://www.dlsu.edu.ph/offices/vcadmin/oavcfm/bgmo,Building and Grounds Maintenance Office - De La Salle University,1764655913.9825623
https://www.dlsu.edu.ph/apply,Index,1764655914.041985
https://www.dlsu.edu.ph/offices/accounting,Accounting - De La Salle University,1764655914.1026998
https://www.dlsu.edu.ph/vcadmin/oavcfm,Office of the AVC for Facilities Management - De La Salle University,1764655914.2592154
https://www.dlsu.edu.ph/offices/vcadmin/oavcfm/mewo,Mechanical and Electrical Works Office - De La Salle University,1764655914.5079987
https://www.dlsu.edu.ph/offices/vcadmin/oavcfm/cswo,Civil and Sanitary Works Office - De La Salle University,1764655914.5504107
https://www.dlsu.edu.ph/offices/vcadmin/oavccs/sso,Support Services Office (SSO) - De La Salle University,1764655915.1952198
https://www.dlsu.edu.ph/offices/vcadmin/oavccs/po,Supply Chain Management Office - De La Salle University,1764655915.2030408
https://www.dlsu.edu.ph/research/research-centers/censer/college-of-science-center-for-natural-sciences-and-environmental-research,College of Science Center for Natural Sciences and Environmental Research - De La Salle University,1764655915.5426092
https://www.dlsu.edu.ph/offices/cosca,COSCA - De La Salle University,1764655916.1345296
https://www.dlsu.edu.ph/offices/osa-reference/cao,Culture and Arts Office - De La Salle University,1764655916.1594338
https://www.dlsu.edu.ph/enrollment-services-hub,Enrollment Services Hub - De La Salle University,1764655916.315235
https://www.dlsu.edu.ph/category/vcri/sdrc,SDRC Archives - De La Salle University,1764655916.6061044
https://www.dlsu.edu.ph/colleges/bagced/overview,Overview - De La Salle University,1764655916.9988112
https://www.dlsu.edu.ph/colleges/bagced/office-of-the-dean,Office of the Dean - De La Salle University,1764655917.109029
https://www.dlsu.edu.ph/colleges/bagced/faculty,faculty - De La Salle University,1764655917.2626674
https://www.dlsu.edu.ph/wp-content/uploads/2018/11/BAGCED-Offshore-and-Extension-Programs.pdf,[FILE] BAGCED-Offshore-and-Extension-Programs.pdf,1764655917.4547071
https://www.dlsu.edu.ph/colleges/bagced/staff,Staff - De La Salle University,1764655917.5490823
https://www.dlsu.edu.ph/colleges/bagced/student-organizations,Student Organizations - De La Salle University,1764655917.7513795
https://www.dlsu.edu.ph/colleges/bagced/contact,Contact Information - De La Salle University,1764655917.7720752
https://www.dlsu.edu.ph/colleges/bagced/ciesol,Center for International English for Speakers of Other Languages (CIESOL) - De La Salle University,1764655918.0144975
https://www.dlsu.edu.ph/colleges/bagced/academic-departments,Academic Departments - De La Salle University,1764655918.1662123
https://www.dlsu.edu.ph/colleges/bagced/st-la-salle-preschool,St. La Salle Preschool - De La Salle University,1764655918.2909765
https://www.dlsu.edu.ph/colleges/bagced/research-archive,Research Archive - De La Salle University,1764655918.5059252
https://www.dlsu.edu.ph/colleges/bagced/hanunoo-mangyan-language-documentation-project,Hanunoo Mangyan Language Documentation Project - De La Salle University,1764655918.6592214
https://www.dlsu.edu.ph/colleges/bagced/operation-big-brother,Operation Big Brother - De La Salle University,1764655918.6677136
https://www.dlsu.edu.ph/colleges/bagced/elsi,ELSI - De La Salle University,1764655919.040796
https://www.dlsu.edu.ph/colleges/bagced/undergraduate-degree-programs,Undergraduate Degree Programs - De La Salle University,1764655919.296657
https://www.dlsu.edu.ph/colleges/bagced/faculty/paolo-valdez,Paolo Niño Valdez - De La Salle University,1764655919.3989067
https://www.dlsu.edu.ph/colleges/bagced/faculty/shirley-dita,Shirley Dita - De La Salle University,1764655919.6393633
https://www.dlsu.edu.ph/?page_id=87469&preview=true,BAGCED Graduate Degree Programs - De La Salle University,1764655919.7649317
https://www.dlsu.edu.ph/colleges/bagced/faculty/kimberley-migallos,Kimberley M. Migallos - De La Salle University,1764655920.0149384
https://www.dlsu.edu.ph/colleges/bagced/faculty/rosanna-valerio,Rosanna Luz F. Valerio - De La Salle University,1764655920.1851711
https://www.dlsu.edu.ph/colleges/bagced/faculty/hans-moran,Br. Hans Moran FSC - De La Salle University,1764655920.3464975
https://www.dlsu.edu.ph/colleges/bagced/faculty/estesa-legaspi,Estesa Xaris Que Legaspi - De La Salle University,1764655920.5864177
https://www.dlsu.edu.ph/esta,ESTA - De La Salle University,1764655920.6645346
https://www.dlsu.edu.ph/colleges/bagced/artist,ARTiST - De La Salle University,1764655920.702126
https://www.dlsu.edu.ph/colleges/bagced/inquiry-on-dishonest-behaviors-among-filipino-counselors,Inquiry on Dishonest Behaviors among Filipino Counselors - De La Salle University,1764655920.965383
https://www.dlsu.edu.ph/colleges/bagced/simulchieving-forward,Simulchieving Forward - De La Salle University,1764655921.1322017
https://www.dlsu.edu.ph/colleges/bagced/bagced-obb,Operation Big Brother - Leadership through service and teamwork - De La Salle University,1764655921.3248808
https://www4.dlsu.edu.ph/colleges/bagced,Br. Andrew Gonzalez FSC College of Education - De La Salle University,1764655922.3203845
https://www4.dlsu.edu.ph/colleges/ccs,College of Computer Studies - De La Salle University,1764655922.61939
https://www4.dlsu.edu.ph/colleges/col,col - De La Salle University,1764655923.500942
